{"stats":{"minecraft:crafted":{"minecraft:crafting_table":2,"minecraft:stick":4,"biomesoplenty:redwood_planks":16,"minecraft:wooden_pickaxe":1,"minecraft:stone_pickaxe":1},"minecraft:custom":{"minecraft:time_since_rest":2541,"minecraft:crouch_one_cm":3366,"minecraft:play_time":9593,"minecraft:sprint_one_cm":26940,"tombstone:undead_killed":1,"minecraft:walk_one_cm":15752,"minecraft:deaths":2,"minecraft:sneak_time":1369,"minecraft:walk_under_water_one_cm":264,"minecraft:mob_kills":1,"minecraft:jump":173,"minecraft:damage_dealt":204,"minecraft:leave_game":6,"minecraft:time_since_death":2516,"minecraft:walk_on_water_one_cm":4076,"minecraft:total_world_time":9593,"minecraft:swim_one_cm":807,"minecraft:interact_with_crafting_table":2,"minecraft:fall_one_cm":2594,"minecraft:fly_one_cm":40509,"minecraft:open_chest":1},"minecraft:picked_up":{"biomesoplenty:redwood_log":4,"minecraft:sandstone":3,"minecraft:sand":6,"minecraft:dirt":1,"minecraft:cobblestone":6},"minecraft:mined":{"minecraft:large_fern":1,"biomesoplenty:redwood_log":4,"minecraft:dirt":1,"minecraft:sand":4,"minecraft:stone":6,"minecraft:sandstone":3},"minecraft:killed_by":{"minecraft:player":1},"minecraft:killed":{"minecraft:zombie":1},"minecraft:used":{"minecraft:dirt":1,"minecraft:sand":6,"minecraft:crafting_table":2,"biomesoplenty:redwood_planks":2,"minecraft:wooden_pickaxe":19,"minecraft:sandstone":3}},"DataVersion":2975}