{"stats":{"minecraft:crafted":{"minecraft:wooden_sword":1,"minecraft:crafting_table":1,"minecraft:stick":16,"biomesoplenty:redwood_planks":80,"minecraft:wooden_pickaxe":1,"minecraft:stone_pickaxe":2,"minecraft:wooden_axe":1,"minecraft:chest":1,"minecraft:stone_axe":1},"minecraft:custom":{"minecraft:time_since_rest":2562,"minecraft:sprint_one_cm":18946,"minecraft:walk_one_cm":32036,"minecraft:drop":6,"minecraft:damage_dealt":-80,"minecraft:interact_with_crafting_table":8,"minecraft:swim_one_cm":4024,"minecraft:fly_one_cm":15604,"minecraft:open_chest":8,"minecraft:crouch_one_cm":147,"minecraft:play_time":10901,"minecraft:deaths":1,"minecraft:sneak_time":162,"minecraft:walk_under_water_one_cm":184,"minecraft:jump":79,"minecraft:walk_on_water_one_cm":1674,"minecraft:time_since_death":2532,"minecraft:total_world_time":10901,"minecraft:fall_one_cm":2028},"minecraft:picked_up":{"biomesoplenty:redwood_log":60,"minecraft:stick":11,"minecraft:crafting_table":2,"minecraft:dirt":8,"minecraft:wheat_seeds":1,"biomesoplenty:redwood_sapling":6,"minecraft:cobblestone":21},"minecraft:dropped":{"biomesoplenty:redwood_sapling":6,"biomesoplenty:redwood_planks":21,"minecraft:stick":8},"minecraft:mined":{"minecraft:podzol":3,"minecraft:crafting_table":1,"biomesoplenty:redwood_log":57,"minecraft:dirt":5,"minecraft:stone":21,"minecraft:fern":1},"minecraft:killed_by":{"minecraft:player":1},"minecraft:used":{"minecraft:wooden_axe":13,"minecraft:chest":1,"minecraft:wooden_pickaxe":28,"minecraft:stone_axe":29,"minecraft:cobblestone":3,"minecraft:crafting_table":2,"tombstone:gift":2}},"DataVersion":2975}