{"stats":{"minecraft:crafted":{"minecraft:wooden_sword":1,"minecraft:crafting_table":1,"minecraft:stick":16,"biomesoplenty:redwood_planks":80,"minecraft:wooden_pickaxe":1,"minecraft:stone_pickaxe":2,"minecraft:wooden_axe":1,"minecraft:stone_sword":1,"minecraft:chest":1,"minecraft:torch":4,"minecraft:stone_axe":1},"minecraft:custom":{"minecraft:time_since_rest":1120,"minecraft:interact_with_furnace":3,"minecraft:sprint_one_cm":70238,"minecraft:walk_one_cm":68845,"minecraft:mob_kills":6,"minecraft:drop":8,"minecraft:damage_dealt":910,"minecraft:interact_with_crafting_table":10,"minecraft:swim_one_cm":10713,"minecraft:fly_one_cm":64045,"minecraft:open_chest":12,"tombstone:undead_killed":2,"minecraft:crouch_one_cm":354,"minecraft:play_time":22901,"minecraft:deaths":4,"minecraft:sneak_time":349,"minecraft:walk_under_water_one_cm":1678,"minecraft:boat_one_cm":15942,"minecraft:jump":311,"minecraft:walk_on_water_one_cm":13815,"minecraft:time_since_death":1096,"minecraft:total_world_time":22901,"minecraft:fall_one_cm":4174},"minecraft:picked_up":{"biomesoplenty:redwood_log":60,"minecraft:stick":11,"minecraft:crafting_table":2,"tombstone:grave_dust":1,"minecraft:spider_eye":1,"minecraft:string":2,"livingthings:crab_shell":1,"minecraft:dirt":9,"minecraft:stone_sword":2,"minecraft:wheat_seeds":1,"create:ochrum":1,"biomesoplenty:redwood_sapling":6,"minecraft:coal":1,"minecraft:cobblestone":21,"livingthings:crab":2},"minecraft:dropped":{"minecraft:stone_sword":2,"biomesoplenty:redwood_sapling":6,"biomesoplenty:redwood_planks":21,"minecraft:stick":8},"minecraft:mined":{"minecraft:podzol":3,"minecraft:crafting_table":1,"minecraft:coal_ore":3,"biomesoplenty:redwood_log":57,"create:ochrum":1,"minecraft:dirt":5,"minecraft:stone":22,"minecraft:fern":2},"minecraft:killed_by":{"minecraft:player":2},"minecraft:killed":{"minecraft:zombie":2,"ars_nouveau:wilden_stalker":1,"livingthings:crab":2,"minecraft:spider":1},"minecraft:used":{"minecraft:wooden_axe":13,"minecraft:stone_sword":32,"minecraft:stone_pickaxe":5,"livingthings:crab":1,"minecraft:chest":1,"minecraft:wooden_pickaxe":28,"minecraft:stone_axe":29,"minecraft:torch":1,"minecraft:dirt":1,"minecraft:cobblestone":3,"minecraft:crafting_table":2,"tombstone:gift":2}},"DataVersion":2975}