{"stats":{"minecraft:used":{"minecraft:crafting_table":1},"minecraft:mined":{"biomesoplenty:redwood_log":14,"biomesoplenty:redwood_leaves":44,"minecraft:crafting_table":1},"minecraft:dropped":{"biomesoplenty:redwood_sapling":3},"minecraft:picked_up":{"biomesoplenty:redwood_log":14,"minecraft:stick":5,"minecraft:crafting_table":1,"biomesoplenty:redwood_sapling":3},"minecraft:crafted":{"minecraft:crafting_table":1,"biomesoplenty:redwood_planks":56},"minecraft:custom":{"minecraft:time_since_rest":5675,"minecraft:crouch_one_cm":3288,"minecraft:play_time":5675,"minecraft:sprint_one_cm":206,"minecraft:walk_one_cm":9363,"minecraft:sneak_time":650,"minecraft:drop":3,"minecraft:jump":78,"minecraft:leave_game":1,"minecraft:time_since_death":5675,"minecraft:total_world_time":5675,"minecraft:fall_one_cm":1561,"minecraft:interact_with_crafting_table":2,"minecraft:fly_one_cm":341}},"DataVersion":2975}