{"stats":{"minecraft:crafted":{"biomesoplenty:redwood_boat":1,"minecraft:crafting_table":1,"minecraft:stick":8,"biomesoplenty:redwood_planks":72,"minecraft:wooden_pickaxe":1,"minecraft:stone_pickaxe":1,"minecraft:stone_sword":1,"minecraft:furnace":1,"minecraft:torch":4,"minecraft:stone_axe":1,"minecraft:air":0,"livingthings:cooked_crab":1},"minecraft:picked_up":{"biomesoplenty:redwood_log":22,"minecraft:stick":15,"minecraft:crafting_table":3,"minecraft:torch":4,"minecraft:sand":12,"minecraft:stone_sword":1,"minecraft:string":3,"minecraft:dirt":15,"minecraft:bundle":1,"biomesoplenty:redwood_planks":23,"minecraft:rotten_flesh":3,"tombstone:bag_of_seeds":1,"biomesoplenty:redwood_sapling":9,"minecraft:furnace":1,"minecraft:coal":26,"minecraft:cobblestone":23},"minecraft:custom":{"minecraft:time_since_rest":2023,"minecraft:interact_with_furnace":4,"minecraft:sprint_one_cm":36467,"minecraft:walk_one_cm":99158,"minecraft:mob_kills":4,"minecraft:drop":10,"minecraft:damage_dealt":1008,"minecraft:player_kills":3,"minecraft:interact_with_crafting_table":11,"minecraft:swim_one_cm":1477,"minecraft:fly_one_cm":18361,"tombstone:undead_killed":1,"minecraft:open_chest":4,"minecraft:crouch_one_cm":13139,"minecraft:play_time":58291,"minecraft:deaths":2,"minecraft:sneak_time":4900,"minecraft:walk_under_water_one_cm":2478,"minecraft:boat_one_cm":53993,"minecraft:jump":442,"minecraft:leave_game":2,"minecraft:time_since_death":1991,"minecraft:walk_on_water_one_cm":9565,"minecraft:total_world_time":58291,"minecraft:fall_one_cm":13870},"minecraft:dropped":{"minecraft:stone_sword":1,"biomesoplenty:redwood_log":3,"biomesoplenty:redwood_sapling":6,"minecraft:crafting_table":1,"minecraft:stick":13},"minecraft:mined":{"minecraft:large_fern":1,"biomesoplenty:redwood_planks":2,"minecraft:furnace":1,"minecraft:torch":3,"minecraft:crafting_table":3,"minecraft:coal_ore":24,"biomesoplenty:redwood_log":22,"biomesoplenty:redwood_leaves":116,"minecraft:sand":14,"minecraft:dirt":12,"minecraft:stone":22,"minecraft:wall_torch":1,"minecraft:podzol":4},"minecraft:killed":{"minecraft:zombie":1,"minecraft:spider":3},"minecraft:used":{"minecraft:stone_sword":28,"minecraft:stone_pickaxe":40,"minecraft:wooden_pickaxe":7,"minecraft:stone_axe":4,"biomesoplenty:redwood_boat":1,"minecraft:rotten_flesh":3,"livingthings:cooked_crab":1,"minecraft:torch":5,"minecraft:dirt":15,"minecraft:sand":5,"minecraft:crafting_table":1,"minecraft:furnace":1,"tombstone:gift":4,"biomesoplenty:redwood_log":1}},"DataVersion":2975}