{"stats":{"minecraft:crafted":{"biomesoplenty:redwood_boat":1,"minecraft:crafting_table":1,"minecraft:stick":8,"biomesoplenty:redwood_planks":72,"minecraft:wooden_pickaxe":1,"minecraft:stone_pickaxe":1,"minecraft:stone_sword":1,"minecraft:stone_axe":1},"minecraft:picked_up":{"biomesoplenty:redwood_log":22,"minecraft:stick":15,"minecraft:crafting_table":1,"minecraft:sand":11,"minecraft:dirt":8,"biomesoplenty:redwood_planks":21,"biomesoplenty:redwood_sapling":9,"minecraft:cobblestone":22},"minecraft:custom":{"minecraft:time_since_rest":6207,"minecraft:sprint_one_cm":20242,"minecraft:walk_one_cm":54666,"minecraft:drop":9,"minecraft:damage_dealt":170,"minecraft:player_kills":1,"minecraft:interact_with_crafting_table":10,"minecraft:swim_one_cm":1477,"minecraft:fly_one_cm":7945,"minecraft:open_chest":4,"minecraft:crouch_one_cm":9836,"minecraft:play_time":46291,"minecraft:deaths":1,"minecraft:sneak_time":3508,"minecraft:walk_under_water_one_cm":1705,"minecraft:boat_one_cm":36779,"minecraft:jump":259,"minecraft:leave_game":2,"minecraft:time_since_death":6170,"minecraft:walk_on_water_one_cm":1510,"minecraft:total_world_time":46291,"minecraft:fall_one_cm":8405},"minecraft:dropped":{"biomesoplenty:redwood_log":3,"biomesoplenty:redwood_sapling":6,"minecraft:crafting_table":1,"minecraft:stick":13},"minecraft:mined":{"minecraft:large_fern":1,"minecraft:crafting_table":1,"biomesoplenty:redwood_log":22,"biomesoplenty:redwood_leaves":116,"minecraft:sand":11,"minecraft:dirt":6,"minecraft:stone":22,"minecraft:podzol":2},"minecraft:used":{"minecraft:stone_sword":3,"minecraft:stone_pickaxe":15,"minecraft:wooden_pickaxe":7,"biomesoplenty:redwood_boat":1,"minecraft:dirt":8,"minecraft:sand":5,"minecraft:crafting_table":1,"tombstone:gift":2,"biomesoplenty:redwood_log":1}},"DataVersion":2975}