{"stats":{"minecraft:crafted":{"minecraft:crafting_table":1,"minecraft:stick":8,"biomesoplenty:redwood_planks":72},"minecraft:custom":{"minecraft:time_since_rest":22291,"minecraft:crouch_one_cm":7333,"minecraft:sprint_one_cm":206,"minecraft:play_time":22291,"minecraft:walk_one_cm":17211,"minecraft:sneak_time":2526,"minecraft:drop":3,"minecraft:jump":123,"minecraft:leave_game":2,"minecraft:time_since_death":22291,"minecraft:total_world_time":22291,"minecraft:interact_with_crafting_table":2,"minecraft:fall_one_cm":2099,"minecraft:fly_one_cm":341},"minecraft:picked_up":{"biomesoplenty:redwood_log":18,"minecraft:crafting_table":1,"minecraft:stick":5,"biomesoplenty:redwood_sapling":3},"minecraft:dropped":{"biomesoplenty:redwood_sapling":3},"minecraft:mined":{"biomesoplenty:redwood_log":18,"biomesoplenty:redwood_leaves":52,"minecraft:crafting_table":1},"minecraft:used":{"minecraft:crafting_table":1}},"DataVersion":2975}