{"stats":{"minecraft:crafted":{"minecraft:crafting_table":1,"minecraft:stick":8,"biomesoplenty:redwood_planks":72},"minecraft:custom":{"minecraft:time_since_rest":34291,"minecraft:crouch_one_cm":8574,"minecraft:sprint_one_cm":206,"minecraft:play_time":34291,"minecraft:walk_one_cm":20509,"minecraft:sneak_time":3065,"minecraft:drop":5,"minecraft:jump":170,"minecraft:leave_game":2,"minecraft:time_since_death":34291,"minecraft:total_world_time":34291,"minecraft:interact_with_crafting_table":2,"minecraft:fall_one_cm":4005,"minecraft:fly_one_cm":341},"minecraft:picked_up":{"biomesoplenty:redwood_log":19,"minecraft:crafting_table":1,"minecraft:stick":7,"biomesoplenty:redwood_sapling":3},"minecraft:dropped":{"biomesoplenty:redwood_sapling":3,"minecraft:stick":2},"minecraft:mined":{"biomesoplenty:redwood_log":19,"biomesoplenty:redwood_leaves":52,"minecraft:crafting_table":1},"minecraft:used":{"minecraft:crafting_table":1,"biomesoplenty:redwood_log":1}},"DataVersion":2975}