{
  "livingthings:recipes/cooked_elephant_from_campfire_cooking": {
    "criteria": {
      "has_elephant": "2024-06-22 16:15:35 +0000",
      "has_cooked_elephant": "2024-06-22 16:15:35 +0000"
    },
    "done": true
  },
  "betterdungeons:root": {
    "criteria": {
      "always": "2024-06-22 16:15:35 +0000"
    },
    "done": true
  },
  "ars_instrumentum:recipes/ars_nouveau/scroll_of_save_starbuncle": {
    "criteria": {
      "has_journal": "2024-06-22 16:15:35 +0000"
    },
    "done": true
  },
  "livingthings:recipes/cooked_lion": {
    "criteria": {
      "has_lion": "2024-06-22 16:15:35 +0000",
      "has_cooked_lion": "2024-06-22 16:15:35 +0000"
    },
    "done": true
  },
  "livingthings:recipes/cooked_elephant": {
    "criteria": {
      "has_elephant": "2024-06-22 16:15:35 +0000",
      "has_cooked_elephant": "2024-06-22 16:15:35 +0000"
    },
    "done": true
  },
  "livingthings:recipes/cooked_crab": {
    "criteria": {
      "has_crab": "2024-06-22 16:15:35 +0000",
      "has_cooked_crab": "2024-06-22 16:15:35 +0000"
    },
    "done": true
  },
  "livingthings:recipes/cooked_ostrich": {
    "criteria": {
      "has_ostrich": "2024-06-22 16:15:35 +0000",
      "has_cooked_ostrich": "2024-06-22 16:15:35 +0000"
    },
    "done": true
  },
  "livingthings:recipes/cooked_lion_from_campfire_cooking": {
    "criteria": {
      "has_lion": "2024-06-22 16:15:35 +0000",
      "has_cooked_lion": "2024-06-22 16:15:35 +0000"
    },
    "done": true
  },
  "tombstone:adventure/root": {
    "criteria": {
      "auto": "2024-06-22 16:15:35 +0000"
    },
    "done": true
  },
  "ars_elemental:recipes/decorations/alt_blossom": {
    "criteria": {
      "has_journal": "2024-06-22 16:15:35 +0000"
    },
    "done": true
  },
  "livingthings:recipes/cooked_crab_from_campfire_cooking": {
    "criteria": {
      "has_crab": "2024-06-22 16:15:35 +0000",
      "has_cooked_crab": "2024-06-22 16:15:35 +0000"
    },
    "done": true
  },
  "ars_elemental:recipes/ars_nouveau/ritual_ae_squirrels": {
    "criteria": {
      "has_journal": "2024-06-22 16:15:35 +0000"
    },
    "done": true
  },
  "livingthings:recipes/cooked_crab_from_smoking": {
    "criteria": {
      "has_crab": "2024-06-22 16:15:35 +0000",
      "has_cooked_crab": "2024-06-22 16:15:35 +0000"
    },
    "done": true
  },
  "gildedarmor:recipes/combat/gilded_netherite_boots_smithing": {
    "criteria": {
      "has_netherite_boots": "2024-06-22 16:15:35 +0000"
    },
    "done": true
  },
  "gildedarmor:recipes/combat/gilded_netherite_leggings_smithing": {
    "criteria": {
      "has_netherite_leggings": "2024-06-22 16:15:35 +0000"
    },
    "done": true
  },
  "ars_elemental:recipes/ars_elemental/yellow_archwood": {
    "criteria": {
      "has_journal": "2024-06-22 16:15:35 +0000"
    },
    "done": true
  },
  "livingthings:recipes/cooked_giraffe_from_smoking": {
    "criteria": {
      "has_giraffe": "2024-06-22 16:15:35 +0000",
      "has_cooked_giraffe": "2024-06-22 16:15:35 +0000"
    },
    "done": true
  },
  "livingthings:recipes/lexicon": {
    "criteria": {
      "has_book": "2024-06-22 16:15:35 +0000"
    },
    "done": true
  },
  "biomesoplenty:biomesoplenty/all_biomes": {
    "criteria": {
      "redwood_forest": "2024-06-22 16:15:35 +0000"
    },
    "done": false
  },
  "livingthings:recipes/arrow": {
    "criteria": {
      "has_feather": "2024-06-22 16:15:35 +0000",
      "has_tooth": "2024-06-22 16:15:35 +0000"
    },
    "done": true
  },
  "ars_instrumentum:recipes/ars_nouveau/runic_storage_stone_alternate": {
    "criteria": {
      "has_journal": "2024-06-22 16:15:35 +0000"
    },
    "done": true
  },
  "ars_elemental:recipes/ars_nouveau/ritual_ae_detection": {
    "criteria": {
      "has_journal": "2024-06-22 16:15:35 +0000"
    },
    "done": true
  },
  "biomesoplenty:biomesoplenty/root": {
    "criteria": {
      "redwood_forest": "2024-06-22 16:15:35 +0000"
    },
    "done": true
  },
  "ars_instrumentum:recipes/ars_nouveau/copy_paste_spell_scroll": {
    "criteria": {
      "has_journal": "2024-06-22 16:15:35 +0000"
    },
    "done": true
  },
  "livingthings:recipes/bone_meal": {
    "criteria": {
      "has_tooth": "2024-06-22 16:15:35 +0000"
    },
    "done": true
  },
  "queen_bee:root": {
    "criteria": {
      "root": "2024-06-22 16:15:35 +0000"
    },
    "done": true
  },
  "create:root": {
    "criteria": {
      "0": "2024-06-22 16:15:35 +0000"
    },
    "done": true
  },
  "ars_elemental:recipes/ars_nouveau/ritual_ae_tesla_coil": {
    "criteria": {
      "has_journal": "2024-06-22 16:15:35 +0000"
    },
    "done": true
  },
  "livingthings:recipes/cooked_giraffe_from_campfire_cooking": {
    "criteria": {
      "has_giraffe": "2024-06-22 16:15:35 +0000",
      "has_cooked_giraffe": "2024-06-22 16:15:35 +0000"
    },
    "done": true
  },
  "ars_elemental:recipes/ars_nouveau/flight_alt": {
    "criteria": {
      "has_journal": "2024-06-22 16:15:35 +0000"
    },
    "done": true
  },
  "livingthings:recipes/cooked_giraffe": {
    "criteria": {
      "has_giraffe": "2024-06-22 16:15:35 +0000",
      "has_cooked_giraffe": "2024-06-22 16:15:35 +0000"
    },
    "done": true
  },
  "ars_elemental:recipes/ars_elemental/stripped_yellow_archwood": {
    "criteria": {
      "has_journal": "2024-06-22 16:15:35 +0000"
    },
    "done": true
  },
  "ars_elemental:recipes/ars_elemental/spore_blossom_up": {
    "criteria": {
      "has_journal": "2024-06-22 16:15:35 +0000"
    },
    "done": true
  },
  "livingthings:recipes/cooked_ostrich_from_campfire_cooking": {
    "criteria": {
      "has_ostrich": "2024-06-22 16:15:35 +0000",
      "has_cooked_ostrich": "2024-06-22 16:15:35 +0000"
    },
    "done": true
  },
  "gildedarmor:recipes/combat/gilded_netherite_chestplate_smithing": {
    "criteria": {
      "has_netherite_chestplate": "2024-06-22 16:15:35 +0000"
    },
    "done": true
  },
  "livingthings:recipes/cooked_elephant_from_smoking": {
    "criteria": {
      "has_elephant": "2024-06-22 16:15:35 +0000",
      "has_cooked_elephant": "2024-06-22 16:15:35 +0000"
    },
    "done": true
  },
  "livingthings:recipes/cooked_lion_from_smoking": {
    "criteria": {
      "has_lion": "2024-06-22 16:15:35 +0000",
      "has_cooked_lion": "2024-06-22 16:15:35 +0000"
    },
    "done": true
  },
  "ars_instrumentum:recipes/ars_nouveau/runic_storage_stone": {
    "criteria": {
      "has_journal": "2024-06-22 16:15:35 +0000"
    },
    "done": true
  },
  "gildedarmor:recipes/combat/gilded_netherite_helmet_smithing": {
    "criteria": {
      "has_netherite_helmet": "2024-06-22 16:15:35 +0000"
    },
    "done": true
  },
  "livingthings:recipes/cooked_ostrich_from_smoking": {
    "criteria": {
      "has_ostrich": "2024-06-22 16:15:35 +0000",
      "has_cooked_ostrich": "2024-06-22 16:15:35 +0000"
    },
    "done": true
  },
  "DataVersion": 2975
}